{
    "a": 0.003352743220576356,
    "b": 0.00025977100703009,
    "beta25_85": 3978.2428441308016,
    "c": 3.693425042324167e-06,
    "err_a": 7.531499524790889e-07,
    "err_b": 3.6101402081577293e-07,
    "err_c": 4.7096046865317856e-08,
    "highres_area": -132.18806160779198,
    "highres_max": -21.127680805308472,
    "highres_min": 111.06038080248351,
    "name": "100K3950",
    "peak_res": 0.024455598215979535,
    "peak_res_temp": 37.01713839500036,
    "r0": 323.73019936819554,
    "r25": 101.14637015399398,
    "r85": 10.818232316562302,
    "rmess": 47,
    "rn": 100.0,
    "temp_adc20": -56.30211665207574,
    "temp_adc4075": 250.13499650047027
}